Employee_ID,Name,Department,Role,Location,Joining_Date,Salary,Manager_ID,Salary_Growth_Ratio,Leave_Spike,Engagement_Score,Manager_Change,Tenure_Years,Output_Score,Consistency_Score,Peer_Score,Goal_Score,Learning_Score,Overtime_Hours,Night_Work_Hours,Meeting_Hours,Leaves_Taken,Attrition_Probability,Performance_Score,Burnout_Score
9e4d08f6,John Diaz,Finance,Director,Mumbai,2026-01-05,5649231,7af389a5,0.89,1,9,0,0.1,3,10,7,4,6,12,0,6,6,0.403,5.7,3.0
15998fba,Isabel Logan,Finance,Manager,Mumbai,2024-04-15,3492255,1e5e2e5b,0.92,1,7,0,1.8,8,7,7,7,10,12,3,15,4,0.434,7.6,7.5
898558fa,Michael Soto,Product,Junior,Bangalore,2025-11-27,775741,1db0ae6c,1.43,0,9,0,0.2,7,8,2,5,4,7,7,16,8,0.04100000000000002,5.5,3.8
77fe8207,Victoria Pearson,Marketing,VP,Delhi,2022-11-05,13822549,0fa1e0f8,0.93,0,6,0,3.3,2,8,3,8,4,2,8,7,1,0.351,4.8,17.0
001541d7,Charlotte Nicholson,Finance,Director,Bangalore,2022-05-09,5856420,02b87591,1.26,0,7,0,3.8,3,6,2,7,5,19,1,13,3,0.232,4.4,11.0
6ecffb63,Anthony Cook,Finance,VP,Mumbai,2023-06-16,10458728,2a809056,1.21,0,2,0,2.7,5,2,5,6,3,17,6,5,6,0.3470000000000001,4.4,4.7
14e98634,Taylor Stevens,Sales,VP,Mumbai,2022-12-17,10666619,eb09d952,0.99,0,3,0,3.2,10,7,10,1,7,6,7,9,15,0.393,7.3,1.5
010711a7,Rebecca Keller,Finance,Junior,Bangalore,2022-12-03,826766,ff2583a1,1.07,0,5,0,3.2,2,3,3,5,8,14,6,24,2,0.32899999999999996,3.6,22.0
cb8cee01,Douglas Ho,HR,Senior,Mumbai,2022-01-23,1798512,d3595d58,0.87,0,3,0,4.1,9,10,8,10,8,12,2,9,2,0.42899999999999994,9.1,11.5
388ba39c,Heather Hurley,Sales,VP,Delhi,2022-02-20,13814578,a991fb53,0.85,0,3,0,4.0,3,4,6,6,2,8,8,22,8,0.43499999999999994,4.3,4.8
aefa8221,Phillip Rogers,Engineering,Director,Remote,2024-06-23,5826814,70944874,1.23,0,10,0,1.7,7,4,8,5,9,3,5,12,18,0.081,6.4,1.1
b9d8522e,Allison Barber,Finance,Senior,Mumbai,2022-06-09,1452181,f707a7f8,1.06,0,8,0,3.7,6,6,1,6,6,3,3,17,8,0.272,5.0,2.9
5efc562f,Mallory Fields,Sales,Manager,Delhi,2024-04-14,2015482,eba2d670,1.23,0,4,0,1.8,5,9,6,10,9,4,9,23,1,0.201,7.4,36.0
894e8e85,Nicole Wilkins,Marketing,Senior,Remote,2023-04-23,2024130,03c0448e,1.43,1,1,0,2.8,5,2,9,3,3,17,10,21,11,0.501,4.6,4.4
a79d5dcb,Tracey Williams,Engineering,Director,Delhi,2021-06-06,4860578,5a59b31d,0.97,1,4,0,4.7,1,8,7,8,4,0,0,17,1,0.579,5.3,17.0
df0ee35e,Lauren Mcdonald,Product,Director,Bangalore,2023-12-03,7298045,75317976,0.9,0,5,0,2.2,7,1,2,7,5,3,9,23,14,0.38,4.6,2.5
c98d467f,Joseph Welch,Product,VP,Bangalore,2024-01-30,14113420,5c1a3f1e,1.29,0,2,0,2.1,2,2,5,7,9,0,10,6,14,0.32300000000000006,4.3,1.1
1edff463,Richard Young,Finance,Senior,Remote,2024-03-19,1658595,dddeed79,1.41,0,4,0,1.9,3,10,3,10,3,18,5,16,8,0.14700000000000002,5.8,4.9
0401c031,Jonathan Holt,Marketing,VP,Bangalore,2024-11-15,13315486,ef088ef3,1.12,1,7,0,1.3,3,9,7,10,1,10,8,16,20,0.37399999999999994,6.2,1.7
ee92096f,Catherine Cain,Finance,Manager,Delhi,2022-08-11,3369789,77c2bce0,1.2,0,6,0,3.5,7,9,3,4,7,11,10,20,15,0.27,6.0,2.7
1d8c3a1d,Dana Melendez,Sales,Director,Delhi,2022-06-25,5561097,7072f6ae,1.25,0,8,0,3.7,4,5,3,5,5,12,4,8,14,0.21500000000000002,4.3,1.7
c90b80f8,Terri Parker,Sales,Director,Mumbai,2023-03-04,7941621,dbda791c,1.22,0,4,0,3.0,10,9,6,7,5,15,5,8,7,0.30400000000000005,7.9,4.0
d7021b68,Megan Brooks,HR,Senior,Remote,2022-07-22,1549017,730661d7,1.03,0,8,0,3.6,2,5,6,8,4,17,6,17,13,0.281,4.8,3.1
d39cfb2b,Chad Fields,Sales,Manager,Remote,2022-04-05,3159038,125d121e,0.8,0,1,0,3.9,10,3,2,9,5,5,10,9,13,0.49,6.3,1.8
73b9d416,Sean Mccoy,Marketing,Manager,Bangalore,2022-06-23,2688380,0cd14678,1.35,0,4,0,3.7,5,4,4,1,3,14,4,7,11,0.265,3.6,2.3
4bfd13fe,Shawn Rodriguez,Finance,VP,Delhi,2021-04-07,12230765,31978e04,1.48,0,3,0,4.9,10,7,5,2,7,19,7,14,15,0.246,6.5,2.7
a6c3ad50,Keith Ingram,Product,Junior,Remote,2022-05-14,542106,cad631e7,1.44,0,8,0,3.8,4,9,7,5,5,18,0,19,7,0.15800000000000003,5.9,5.3
d0ba54e4,Anthony Hutchinson,Product,Manager,Mumbai,2021-06-21,2867941,bcb755b7,0.97,0,10,0,4.7,8,8,5,7,9,0,6,15,9,0.259,7.3,2.3
1de4197c,Zachary White,Marketing,Director,Delhi,2025-07-22,5081770,de210b3c,1.01,0,3,0,0.6,6,3,9,2,1,6,10,24,19,0.287,4.7,2.1
bc177a95,Ashley Peterson,Finance,VP,Bangalore,2025-11-11,13171898,04db2afd,0.9,0,8,0,0.3,3,10,8,1,5,6,4,24,1,0.22,5.2,34.0
ac689969,Kelly Cisneros,Marketing,Manager,Delhi,2023-04-22,2093326,84d1a52c,0.83,0,4,0,2.8,10,3,10,6,2,13,7,9,13,0.42100000000000004,7.0,2.2
c94ba0f0,Curtis Moore,Finance,Junior,Remote,2025-06-06,954820,9a273c3f,0.97,0,2,0,0.7,4,9,6,10,8,11,8,11,9,0.31900000000000006,7.0,3.3
7bc3ab6f,Katie Wallace,Sales,Director,Mumbai,2025-07-17,7799725,c3aeb0e9,0.86,0,6,0,0.6,3,5,5,10,9,7,7,7,16,0.272,5.8,1.3
afd20029,Christopher Glover,Finance,VP,Bangalore,2024-04-27,14805265,6fa68310,0.93,1,2,0,1.8,9,10,8,3,5,8,1,22,20,0.531,7.4,1.6
2ba47820,Michael Savage,Sales,Senior,Mumbai,2023-12-26,2079598,0257cd6f,0.81,0,6,0,2.1,9,4,8,3,3,4,9,22,2,0.387,6.0,17.5
0f285c9f,Sharon Oneill,Marketing,Senior,Remote,2025-05-06,1856782,03fb836f,0.84,0,7,0,0.8,1,1,8,6,5,7,7,12,7,0.258,3.8,3.7
03ffa3a5,Paul Hernandez,Finance,Manager,Remote,2021-10-20,2916559,f8de67f9,1.09,0,1,0,4.3,2,9,9,8,2,9,7,16,16,0.403,6.0,2.0
97e8b920,Mark Peterson,Marketing,Director,Mumbai,2026-02-08,5836039,4cc42d39,1.27,0,4,0,0.0,3,4,9,7,6,12,9,10,18,0.189,5.5,1.7
f8a6ebea,Annette Lyons,Sales,Senior,Mumbai,2021-07-30,1857013,23209e11,1.37,0,9,0,4.6,3,4,8,3,5,18,5,10,13,0.15899999999999997,4.4,2.5
e575d390,Amy Hahn,Engineering,Junior,Remote,2023-07-19,914522,e1f7057c,1.21,0,7,0,2.6,2,3,3,9,2,2,2,10,7,0.24700000000000003,3.8,2.0
0a9c4ad7,Renee Guerrero,Marketing,Director,Mumbai,2021-11-30,7568427,c0b5e8c9,1.42,0,10,0,4.2,8,3,3,1,7,8,6,12,4,0.12400000000000003,4.5,6.5
ac272abc,Brent Curtis,Sales,Junior,Bangalore,2023-08-14,948970,c6b1e1c9,1.14,1,1,0,2.5,6,1,4,5,1,5,0,16,9,0.5880000000000001,3.9,2.3
173b35ec,Mrs. Andrea Young,Product,Manager,Remote,2022-12-02,2273316,f1baf57e,0.93,0,10,0,3.2,8,8,9,1,10,3,6,6,19,0.271,7.0,0.8
8d4d6758,Jamie Anthony,HR,VP,Mumbai,2024-12-06,14973917,b4cbc58a,1.17,0,4,0,1.2,5,8,7,2,5,14,2,24,5,0.21900000000000003,5.4,8.0
c5a87b64,Brian Rocha,Marketing,VP,Delhi,2025-09-23,9335765,1ce1c562,1.49,0,6,0,0.4,4,3,5,5,7,13,1,19,16,0.08300000000000002,4.5,2.1
d97152de,Bradley Ward,Finance,Senior,Remote,2022-01-05,1985388,1c6b73d0,1.27,1,2,0,4.1,3,9,1,6,9,4,5,15,17,0.529,5.0,1.4
322bee58,Terry Lambert,Sales,VP,Mumbai,2026-01-29,10634721,4f93ba6d,0.82,0,9,0,0.1,8,6,5,9,7,8,0,22,9,0.22400000000000003,7.1,3.3
6198afb0,Michelle Fletcher,Engineering,Senior,Mumbai,2024-04-11,1617065,811c2bca,1.19,0,9,0,1.9,5,1,9,5,3,20,0,7,18,0.11300000000000002,4.8,1.5
a7d4a7ed,Mark Mclaughlin,Engineering,Director,Mumbai,2021-05-01,7307114,f2aa8251,1.0,1,7,0,4.8,9,2,9,10,5,11,0,21,15,0.51,7.4,2.1
40d1a675,Donna Cobb,HR,Manager,Delhi,2025-07-20,3450990,69454f89,1.11,0,7,0,0.6,6,8,10,8,10,15,5,25,2,0.17699999999999996,8.0,22.5
5a3b9e53,Thomas Williams,Marketing,Senior,Bangalore,2022-04-26,2393694,21dc3547,0.85,0,4,0,3.8,1,10,1,4,4,7,5,13,16,0.41500000000000004,3.7,1.6
83ef2ab1,Denise Dunn,Finance,Manager,Mumbai,2024-02-03,3217535,122cc171,1.49,0,1,0,2.0,4,4,1,8,4,10,3,23,10,0.18300000000000002,4.2,3.6
196a9319,Kayla Figueroa,Marketing,Senior,Delhi,2022-08-17,2172892,bc46ef71,0.91,0,8,0,3.5,3,8,2,6,3,13,0,5,10,0.317,4.4,1.8
0de0b731,Christina Bauer,Marketing,Director,Mumbai,2021-06-12,6821301,e6fbabbe,1.0,0,7,0,4.7,10,2,6,8,9,12,8,17,9,0.31,7.1,4.1
a10a2731,Jacqueline Henderson,Engineering,Junior,Remote,2022-06-27,897504,447e0e5a,0.8,0,4,0,3.6,6,6,2,1,7,18,9,11,13,0.42999999999999994,4.3,2.9
1578455d,Juan Hernandez,Sales,Junior,Remote,2023-11-17,624989,5fe3ff1e,0.96,0,3,0,2.3,7,6,5,7,7,8,0,12,11,0.402,6.4,1.8
305229f3,Justin Freeman,Product,Director,Bangalore,2025-09-25,4251813,878183b5,0.97,0,2,0,0.4,8,10,7,5,8,7,9,21,11,0.31900000000000006,7.6,3.4
78b1d880,David Walters,Engineering,Senior,Remote,2021-07-19,1892926,5403019a,1.27,1,5,0,4.6,2,8,3,2,3,7,4,6,12,0.469,3.5,1.4
cf1cffa1,David Alvarez,Engineering,VP,Delhi,2024-11-06,8773788,0c089fbd,0.91,0,6,0,1.3,9,10,8,6,5,9,6,25,2,0.257,8.0,20.0
d05a5163,Amanda Yates,HR,VP,Mumbai,2026-02-13,11899430,2c8ece0a,1.24,0,9,0,0.0,9,2,7,10,1,17,2,14,17,0.098,6.6,1.9
b8fa541d,Kimberly Knight,Marketing,Junior,Remote,2022-06-04,626554,8db32491,1.13,0,6,0,3.7,9,1,6,9,8,5,7,19,7,0.29100000000000004,6.7,4.4
c026fde8,Charles Barker,Finance,Manager,Remote,2025-10-27,3145365,895164b3,1.2,0,10,0,0.3,10,5,5,5,4,8,4,20,10,0.09000000000000001,6.4,3.2
8ea3d8a2,Thomas Reynolds,HR,Manager,Remote,2022-07-03,2424344,466e0230,1.41,0,4,0,3.6,6,5,3,4,7,1,1,24,13,0.24700000000000003,4.9,2.0
46c6b53c,Benjamin Fisher,Finance,Junior,Bangalore,2022-12-26,818026,7b709150,1.01,0,3,0,3.1,3,9,10,5,6,15,3,10,9,0.387,6.3,3.1
774f4aba,John Davis MD,Marketing,Manager,Remote,2026-02-08,2143894,b9b8a1e5,1.16,0,5,0,0.0,8,9,3,2,5,1,3,22,17,0.202,5.7,1.5
cd8b619e,Michael Stein,Finance,VP,Mumbai,2023-05-03,12341963,0294e694,1.15,1,9,0,2.8,2,8,4,2,1,7,6,5,1,0.42500000000000004,3.5,18.0
44cf5db3,Gabriela Armstrong,Finance,Junior,Delhi,2025-09-20,762871,08ee6ef6,0.93,0,5,0,0.4,2,4,9,6,10,8,5,8,6,0.271,5.4,3.5
fe8cc066,Brandon Guzman,Sales,Senior,Mumbai,2021-06-06,1950250,46331474,0.98,0,5,0,4.7,8,4,7,3,1,10,0,18,7,0.356,5.3,4.0
7032b4e1,Lisa Mcdaniel,Engineering,Director,Remote,2024-12-11,5118754,c9ff3736,1.0,0,2,0,1.2,3,7,1,1,5,1,10,18,6,0.31000000000000005,3.2,4.8
f4af5b6a,Robert Stevenson,Product,VP,Remote,2021-07-23,10250201,451bfc42,1.32,0,1,0,4.6,5,9,1,3,10,15,10,5,9,0.33399999999999996,5.1,3.3
05d26a7c,Sheila Preston,Sales,Senior,Bangalore,2022-08-08,1620457,3841be20,1.13,0,3,0,3.5,1,2,9,6,10,1,3,6,4,0.351,4.7,2.5
cbd1d99b,Cindy Rodriguez,Sales,Manager,Bangalore,2025-02-04,3533760,2fc78fe3,1.4,0,2,0,1.0,8,2,2,1,4,18,10,13,14,0.19000000000000006,3.8,2.9
322e3227,Jennifer Herman,Sales,Manager,Remote,2024-11-11,3581281,3a5a825e,1.09,0,5,0,1.3,7,9,8,5,1,13,8,11,6,0.22299999999999998,6.6,5.3
2e49dd85,Michael Morris,Product,Junior,Delhi,2021-06-04,753670,4c7d028f,0.86,0,9,0,4.7,5,8,4,6,9,4,3,16,5,0.31200000000000006,6.0,4.6
278837ad,Molly Thomas,Product,Manager,Delhi,2021-12-15,2080883,06ee83cc,0.89,0,2,0,4.2,7,7,10,3,4,0,3,9,14,0.44300000000000006,6.5,0.9
e74e7fe2,Danny Jones,HR,Senior,Bangalore,2025-04-14,1855205,8ed5ecb7,0.85,0,1,0,0.8,9,5,2,8,4,9,1,20,18,0.375,6.1,1.7
0c434a47,Michael Green,Finance,Manager,Bangalore,2024-09-18,3949788,359e59c9,1.01,0,3,0,1.4,1,6,10,2,2,19,9,23,6,0.287,4.1,8.5
38b2a076,Jose Johnson,Product,Director,Bangalore,2025-07-21,4182632,71d376a9,1.13,0,2,0,0.6,8,8,7,7,7,9,3,18,14,0.2710000000000001,7.5,2.1
446ffc64,Kristine Donovan,Engineering,Junior,Delhi,2023-10-02,552133,5feecccc,0.93,0,5,0,2.4,8,9,5,1,5,1,1,9,4,0.371,5.9,2.8
99cb6e2c,Joshua Harper,Sales,VP,Bangalore,2024-04-18,11870028,1ee9ba59,1.05,0,2,0,1.8,5,1,3,7,4,20,8,24,18,0.29500000000000004,4.1,2.9
bc2a24ca,Connor Braun,Product,Junior,Remote,2023-01-01,617011,637199c6,1.4,0,8,0,3.1,7,4,5,10,4,1,1,17,16,0.17000000000000004,6.3,1.2
1b22752f,Cindy Pierce,Product,Director,Mumbai,2024-06-14,7425276,bfd140a0,0.97,1,10,0,1.7,7,10,6,7,1,7,2,18,20,0.359,6.8,1.4
1a6536fc,Diana Phillips,Engineering,Senior,Delhi,2024-10-29,2441640,880501a2,1.29,0,8,0,1.3,10,9,2,6,2,0,10,15,19,0.103,6.6,1.3
9d5b592f,Sharon Hamilton,Sales,Senior,Mumbai,2025-11-28,2064632,758226be,0.83,0,6,0,0.2,2,8,8,4,5,3,5,14,19,0.281,5.1,1.2
82aefd96,Mary Braun,Engineering,Junior,Remote,2025-09-19,628975,db687b00,1.45,0,2,0,0.4,6,7,6,4,10,0,5,17,11,0.17500000000000004,6.2,2.0
25737afb,Dawn Cox MD,Finance,Director,Delhi,2024-04-15,4567518,c2e7426d,1.48,0,1,0,1.8,4,2,6,3,5,16,4,20,12,0.18600000000000003,3.9,3.3
2dd2e11f,Kelly George,Marketing,Junior,Mumbai,2023-10-27,988714,9cfbab94,0.99,0,7,0,2.3,1,10,3,7,2,2,2,14,7,0.313,4.5,2.6
2248d52b,Brittany Hart,Marketing,Senior,Mumbai,2023-10-30,1268334,267e5fb9,1.13,0,2,0,2.3,5,1,7,6,6,7,2,9,4,0.3710000000000001,4.9,4.5
b60f9d5a,Erika Lewis,Finance,Senior,Mumbai,2024-06-18,2054029,8bed8435,0.93,0,4,0,1.7,6,8,3,9,2,14,2,8,15,0.291,6.0,1.6
53c377cc,Shelly Simon,Marketing,VP,Mumbai,2024-07-10,8594903,4887c0cf,0.96,0,9,0,1.6,6,6,1,4,10,16,9,18,2,0.182,5.0,21.5
b32e7036,Victoria Phillips,Finance,Director,Remote,2022-04-18,4274752,2906920d,0.95,0,5,0,3.8,1,5,7,7,1,7,0,21,9,0.365,4.2,3.1
ac1f5283,David Morton,Engineering,Junior,Remote,2022-10-06,675305,92a5a306,0.81,0,1,0,3.4,5,8,9,5,2,12,3,24,10,0.487,6.1,3.9
da06bb0c,Emily Gallagher,Finance,VP,Delhi,2024-03-22,12344886,d2355643,1.05,1,10,0,1.9,1,4,4,3,8,4,9,24,2,0.33499999999999996,3.3,18.5
6741b80e,Kevin Lee,Engineering,VP,Delhi,2022-08-23,12064632,96c38921,0.81,0,1,0,3.5,6,5,8,4,10,11,6,6,13,0.487,6.2,1.8
af757b87,Ruth Ford,Finance,Senior,Mumbai,2021-04-04,1899599,e6c80930,1.18,0,2,0,4.9,7,9,2,1,8,19,4,14,17,0.3560000000000001,5.3,2.2
a0a270a4,Anthony Copeland,Product,Senior,Delhi,2022-01-21,1320476,5daeddd5,1.42,0,3,0,4.1,6,3,1,4,9,20,3,20,11,0.264,4.3,3.9
2974de5f,Kevin Downs,Product,Senior,Bangalore,2025-01-30,1825005,34366765,0.86,0,10,0,1.0,7,8,1,10,10,19,6,17,11,0.192,6.9,3.8
b46645f7,Peter Leonard,Product,Senior,Bangalore,2022-11-20,1896420,773564a5,0.8,0,9,0,3.2,8,3,6,10,8,7,0,22,1,0.32999999999999996,7.0,29.0
b977882c,Nicole Mora,Product,VP,Remote,2024-06-29,11167719,89b57390,1.31,0,7,0,1.6,7,9,9,10,8,0,9,6,15,0.11699999999999998,8.5,1.0
8b4036c9,Gregory Trevino,Marketing,Junior,Mumbai,2023-10-28,792821,ea4950fe,0.82,0,5,0,2.3,8,5,10,8,1,4,10,23,13,0.404,7.1,2.8
584d08cb,Heather Oliver,Sales,Manager,Bangalore,2025-12-25,2677668,0064b22f,1.38,0,7,0,0.1,9,3,9,7,7,12,3,20,16,0.09600000000000003,7.2,2.2
6dde2f2c,Brittney Randall,HR,Manager,Delhi,2021-12-01,3789111,60a4a09c,1.2,0,8,0,4.2,3,3,5,2,1,7,0,15,19,0.23,3.0,1.2
746f2f37,Mark Wright MD,Sales,Director,Remote,2025-03-07,7387743,4bd54c8e,1.07,0,2,0,1.0,1,1,7,2,7,18,4,22,17,0.28900000000000003,3.0,2.6
e7fd2c3b,Christopher Mcdonald,Product,Director,Remote,2021-04-17,5335160,db31a778,1.35,0,2,0,4.8,5,4,2,9,7,11,7,24,19,0.30500000000000005,5.2,2.2
3f9ea739,Hannah Randall,Engineering,Senior,Delhi,2022-09-25,1795732,442e2cca,1.01,0,9,0,3.4,6,7,10,6,2,10,2,8,4,0.267,6.6,5.0
dea35b7a,Adrian White,HR,VP,Remote,2023-04-15,8793649,e771d0ee,1.45,0,8,0,2.8,3,9,6,3,5,4,5,5,20,0.15500000000000003,5.0,0.7
bc730ac4,Robert Hicks,Marketing,Junior,Remote,2022-02-02,928745,0ab8a73a,1.0,0,10,0,4.0,7,5,9,1,4,1,10,10,16,0.25,5.5,1.3
d2e87c15,Emily Kennedy,Marketing,VP,Mumbai,2022-07-21,13181781,af04ec9d,1.25,0,8,0,3.6,2,10,6,5,1,5,4,7,20,0.21500000000000002,4.9,0.8
50c82f31,Patrick Edwards,Finance,Junior,Bangalore,2024-08-03,571860,f6565c29,0.83,0,5,0,1.5,7,7,3,5,5,10,2,24,17,0.30100000000000005,5.6,2.1
f8bd0548,Michael Mccarthy,Marketing,Manager,Delhi,2022-11-27,2715846,ad204410,1.42,0,7,0,3.2,4,5,9,4,7,13,8,12,7,0.18400000000000002,5.5,4.7
3cda63ce,Robert Harrison,Sales,Junior,Bangalore,2022-12-15,520285,6b314b1d,0.93,0,2,0,3.2,6,7,5,7,5,17,10,7,3,0.43100000000000005,6.1,11.3
fee5a2ee,Charles Williams,Sales,Junior,Bangalore,2022-11-01,819371,d429e8e5,1.06,0,6,0,3.3,8,2,8,7,8,15,3,14,7,0.312,6.6,4.6
a1dc4b35,James Curry,Marketing,Manager,Bangalore,2023-03-15,3358100,9db92931,1.2,0,9,0,2.9,1,8,10,5,1,19,8,16,11,0.21000000000000002,5.0,3.9
0baf5773,Marc Hicks,Product,Junior,Delhi,2025-09-19,529158,1e5add7a,1.12,0,5,0,0.4,4,2,7,10,8,16,8,7,13,0.21399999999999997,5.8,2.4
bf2b39d4,William Lane,Marketing,Senior,Delhi,2025-02-28,1443956,8ef0b6aa,1.46,0,2,0,1.0,1,2,5,9,10,2,10,15,1,0.17200000000000004,4.5,27.0
c23bcb68,Mitchell Fuller,Finance,Manager,Mumbai,2024-08-31,2540630,28d800dd,0.92,0,5,0,1.5,7,5,9,7,4,5,3,16,10,0.274,6.7,2.4
7b13d513,Robert Howe,Product,Senior,Bangalore,2024-05-05,2457356,9b7bcb7a,1.25,0,2,0,1.8,6,5,7,4,1,17,8,25,5,0.23500000000000004,5.1,10.0
ab4109e6,Grace Mueller,Sales,Senior,Bangalore,2022-12-05,2065085,08dd2c28,1.11,0,4,0,3.2,9,1,1,7,4,5,2,9,2,0.33699999999999997,4.9,8.0
3c373d0d,John Choi,Finance,Junior,Mumbai,2024-04-03,988002,23a2c814,1.18,0,7,0,1.9,1,8,2,2,6,8,2,5,13,0.15600000000000003,3.3,1.2
8f6d519a,Allison Smith,Product,Senior,Remote,2024-09-04,2399419,c0896ed7,1.16,0,5,0,1.5,10,3,8,3,10,5,5,7,13,0.202,6.8,1.3
b4fc2cfb,Tanya Robertson,HR,Director,Remote,2023-04-26,4995306,540b5702,1.3,1,3,0,2.8,8,1,6,9,1,18,7,11,5,0.5,5.7,7.2
dd5703c0,Victoria Mccann,Product,Director,Mumbai,2024-05-02,4883147,cb1dad1d,1.29,0,4,0,1.8,7,5,10,8,10,0,6,6,11,0.183,7.7,1.1
c25bcaa8,Carl Conley,Product,VP,Delhi,2023-02-23,9500395,d512c85e,1.35,0,5,0,3.0,5,10,8,1,9,8,2,17,12,0.24499999999999997,6.2,2.2
31890b17,Joshua Adams,HR,Manager,Mumbai,2023-08-16,2884353,6386df0f,1.12,0,2,0,2.5,8,8,9,2,5,7,2,25,6,0.374,6.7,5.7
92537e23,Kimberly Yang,Product,Manager,Delhi,2023-06-19,2019519,56926b1b,1.29,0,6,0,2.7,6,7,10,5,1,16,2,9,6,0.24300000000000002,6.3,4.5
3d4c7856,Gregory Harris,Engineering,Senior,Mumbai,2025-07-10,1896451,b9ab5b54,0.82,0,5,0,0.6,3,9,10,5,1,17,7,22,11,0.30400000000000005,5.8,4.2
43b5c5fb,Michael Gibson,Engineering,Junior,Remote,2023-08-07,705315,1d74a3dc,1.45,0,8,0,2.5,3,4,10,4,8,4,1,14,15,0.15500000000000003,5.3,1.3
5f34fc6a,David Gonzales,Engineering,Director,Delhi,2023-06-26,6497306,de0bad4d,0.91,0,3,0,2.6,9,5,1,6,8,14,1,23,17,0.4169999999999999,5.9,2.2
e4d79b46,Andrew Buchanan,Sales,Manager,Delhi,2025-01-13,2025903,85140033,1.04,0,4,0,1.1,1,4,4,2,1,7,8,5,16,0.258,2.4,1.2
4e02af64,Carol Garcia,HR,Senior,Mumbai,2025-03-20,1581919,c3a4e1cc,1.09,0,4,0,0.9,10,3,1,7,5,20,10,6,10,0.24299999999999997,5.7,3.6
5a133269,Crystal Williams,Marketing,Junior,Bangalore,2022-01-03,537642,26d62e92,0.9,0,3,0,4.1,3,5,9,1,8,9,8,6,11,0.41999999999999993,4.7,2.1
595e8786,David Cook,Product,Manager,Bangalore,2021-08-26,2260159,c03fc88f,1.39,0,4,1,4.5,8,4,1,9,1,0,7,18,1,0.45300000000000007,5.3,25.0
55cd724b,John Knight,HR,Senior,Remote,2022-10-01,1510232,3f3f1dc9,1.13,1,8,0,3.4,1,2,7,6,4,11,5,5,5,0.45100000000000007,3.7,4.2
db45e7cf,Brian Curry,HR,VP,Remote,2021-06-24,14848355,8794d6c2,1.09,0,1,0,4.7,5,1,7,6,1,19,5,11,12,0.403,4.4,2.9
927b772d,Hunter Black,Marketing,Director,Remote,2022-10-10,7643153,c4c0685c,1.05,0,6,0,3.4,10,10,5,7,6,11,10,13,12,0.315,8.0,2.8
ca478b7c,Julia Harris,HR,Senior,Remote,2025-08-02,1710371,e88cf552,1.17,0,5,0,0.5,1,7,3,6,2,1,3,15,20,0.199,3.7,1.0
76aece8c,Joshua Bates,Engineering,VP,Remote,2024-07-02,13764902,b3499e5a,1.4,0,4,0,1.6,8,1,4,4,3,1,9,10,18,0.15000000000000002,4.5,1.1
e06aff60,Mr. James Ochoa,Product,Junior,Remote,2023-06-17,526969,eabec7b8,1.24,0,3,0,2.7,5,7,7,7,3,16,10,9,20,0.31799999999999995,6.0,1.8
f61e467c,Maria Coleman,Product,Director,Delhi,2022-04-11,7734975,023d77cb,1.28,1,2,0,3.9,4,8,6,8,4,13,8,14,5,0.526,6.0,7.0
e0f16d97,Dean Butler,HR,Director,Bangalore,2023-11-11,6113116,2394ad4e,1.48,0,3,0,2.3,6,2,8,2,1,2,0,25,16,0.246,4.3,1.7
feba468a,Valerie Vasquez,Sales,Junior,Delhi,2025-06-11,884639,6b5f6918,1.44,0,3,0,0.7,10,10,9,2,8,14,2,6,11,0.158,8.0,2.0
dd89b637,Craig Gates,Sales,VP,Bangalore,2021-08-22,14751695,247dabb0,1.19,0,6,0,4.5,8,4,6,6,10,17,4,11,4,0.273,6.6,8.0
de6cfb70,Susan Hayes,Sales,Senior,Mumbai,2021-05-04,1496427,a1b33726,1.31,0,5,0,4.8,9,3,5,10,5,17,5,6,20,0.257,6.8,1.4
6c9e2cd0,Chad Taylor,Sales,Manager,Delhi,2021-12-01,3529714,0ddc6d4d,1.3,0,4,0,4.2,4,2,3,8,2,20,1,19,5,0.28,4.0,8.0
ed13a536,Andrew Brady,Product,Director,Remote,2025-06-23,4753260,f9fc1b1a,1.22,0,4,0,0.7,7,5,5,9,3,7,10,19,5,0.20400000000000001,6.2,7.2
11494a8d,Natalie Santiago,Product,Junior,Bangalore,2021-06-21,893932,7f4c040d,1.46,0,5,0,4.7,2,6,10,1,4,15,2,11,10,0.21200000000000002,4.4,2.8
df5bfef2,Melissa Pearson,Sales,Senior,Mumbai,2025-03-05,2123535,954ee860,1.37,1,7,0,1.0,2,9,6,5,8,14,6,19,2,0.299,5.4,19.5
9f71ece4,Michele Cohen,Marketing,Junior,Remote,2026-01-26,829577,552c9046,1.22,0,6,0,0.1,1,6,7,4,7,15,7,25,20,0.16400000000000003,4.4,2.4
9fc9888d,Roger Jordan,Marketing,Junior,Delhi,2021-04-07,991791,905c27ce,1.11,0,1,0,4.9,9,1,5,7,3,11,10,25,19,0.397,5.6,2.4
06455ec4,Helen Lam,Product,Senior,Bangalore,2023-02-10,2436795,8643a728,1.42,0,6,0,3.0,3,4,6,4,7,18,0,14,11,0.20400000000000004,4.4,2.9
ccd57bf7,Jessica Hoffman,Finance,Director,Delhi,2021-09-07,5667021,1b6d62cb,1.06,0,7,0,4.4,3,7,4,1,10,7,7,16,10,0.292,4.3,3.0
25235932,Melissa Lee,Engineering,VP,Mumbai,2023-09-20,13437243,74da1d4b,0.95,0,8,0,2.4,7,3,6,10,4,10,1,10,3,0.30500000000000005,6.3,7.0
ad331e9d,Christopher Stewart,Finance,Junior,Delhi,2021-06-10,790962,9691b38b,1.07,0,4,0,4.7,4,6,2,5,1,5,3,13,11,0.349,3.9,1.9
0b1f166f,Mrs. Lacey Johnson,Product,VP,Delhi,2024-06-22,8650202,89d005d6,1.1,0,3,0,1.7,6,5,3,7,10,2,2,23,2,0.25999999999999995,5.8,13.5
4f69a53b,Rachel Berry,Engineering,Junior,Mumbai,2024-03-11,682147,cf8caa69,0.82,0,4,0,1.9,5,2,4,5,2,10,5,13,3,0.324,3.9,9.3
40fe1c79,David Sherman,HR,VP,Delhi,2022-03-09,13433830,00ce093f,0.88,0,5,0,3.9,2,1,1,10,1,3,8,24,2,0.386,3.1,17.5
11467225,Mr. Robert Galloway,Sales,Director,Bangalore,2021-03-03,7931601,a95ca836,1.17,0,3,0,5.0,2,3,1,4,6,12,4,10,2,0.239,2.8,13.0
75b7d048,Gregory Walsh,Finance,Senior,Remote,2025-05-05,2133882,09b56b25,1.29,0,8,0,0.8,2,10,6,10,9,4,9,15,14,0.103,6.7,2.0
4e93b740,Robert Mayer,Product,Manager,Remote,2023-03-12,2887790,df0eb14e,1.21,0,4,0,2.9,5,6,4,10,7,18,4,20,15,0.30700000000000005,6.2,2.8
fc634605,Ann Huffman,Finance,Junior,Bangalore,2025-06-21,688446,cf024ef2,0.87,0,4,0,0.7,6,10,10,2,3,18,3,12,19,0.309,6.5,1.7
4c583836,David Alvarez,HR,Manager,Mumbai,2025-09-29,2902863,049b11b9,0.84,0,9,0,0.4,3,10,2,1,2,0,2,13,7,0.21800000000000003,3.7,2.1
0b6c5014,Jasmine Martinez,Sales,Manager,Delhi,2022-03-17,2674652,ef851d57,0.83,1,2,0,3.9,4,6,3,4,1,2,7,5,8,0.661,3.9,1.8
2890ccd5,Melinda Sutton,Engineering,Junior,Delhi,2022-07-04,822692,1769ad5e,1.14,1,7,0,3.6,4,1,10,8,5,10,10,5,11,0.4680000000000001,5.5,2.3
2d5497de,Alexander Livingston,Engineering,Senior,Mumbai,2024-10-18,2197327,c346e8ae,1.41,0,1,0,1.3,1,4,4,2,3,10,2,17,2,0.20700000000000005,2.6,14.5
ede57871,Alexis Walker,Finance,VP,Bangalore,2023-07-24,10690955,cd05a285,1.44,0,8,0,2.6,2,10,6,1,8,6,7,19,3,0.15800000000000003,4.8,10.7
904bc702,Henry Hill,Sales,Senior,Remote,2025-08-16,1437961,530382f1,1.37,0,10,0,0.5,9,6,4,6,6,7,5,8,4,0.038999999999999965,6.5,5.0
63a5c21d,Donna Mathis,HR,VP,Delhi,2025-08-11,11295662,ab13176c,1.03,0,4,0,0.5,9,6,7,4,2,9,4,21,15,0.261,6.3,2.3
be57d060,Larry Brooks,Product,Director,Mumbai,2022-07-08,7456512,12b08952,1.3,0,8,0,3.6,2,1,1,10,6,2,0,21,3,0.2,3.6,7.7
93180582,Jose Bishop,HR,Junior,Remote,2025-04-16,611019,7fccc979,0.8,1,9,0,0.8,3,8,6,4,2,8,1,19,7,0.43000000000000005,4.7,4.0
7af6fbfd,Taylor West,Sales,Manager,Bangalore,2021-11-21,3275769,e6457fa7,1.4,0,3,0,4.2,1,3,8,7,7,16,1,12,20,0.27,4.6,1.4
303a1013,Gregg Salinas,Finance,Junior,Remote,2026-01-25,576360,ea18fc7f,1.31,0,2,0,0.1,2,10,10,6,8,16,3,8,1,0.21700000000000003,6.6,27.0
c8e63e6d,Edward Brown,HR,VP,Bangalore,2021-08-14,8085978,3f66695f,1.37,0,9,0,4.5,10,8,8,3,3,5,10,14,13,0.15899999999999997,7.1,2.2
cd776eff,Stephen Cox,Marketing,Director,Remote,2022-09-24,5454654,b5dd6e85,0.99,0,6,0,3.4,2,1,5,5,3,8,1,21,14,0.333,3.1,2.1
f85f8010,James Rodriguez,Engineering,Senior,Remote,2024-07-22,1219046,1f40299f,1.38,0,3,0,1.6,9,2,9,2,8,19,8,18,10,0.17600000000000002,6.1,4.5
b3da3344,Colleen Liu,Product,Junior,Delhi,2023-01-27,944799,be11a5f7,0.93,0,3,0,3.1,9,2,8,3,9,11,2,25,14,0.4109999999999999,6.2,2.7
0b00ae98,David Gordon,HR,Junior,Remote,2021-12-11,733500,f0d6cd8d,1.13,0,4,0,4.2,6,6,1,7,5,4,4,24,9,0.33100000000000007,5.1,3.6
16424ea0,Marco Duncan,Marketing,Director,Mumbai,2026-01-06,4642546,6c05d6ec,1.36,0,1,0,0.1,1,3,1,4,1,15,2,25,19,0.22199999999999998,2.0,2.2
7fbae2dd,Michelle Wilson,Product,Senior,Remote,2024-12-03,1897492,bfd98b1f,1.12,1,6,0,1.2,5,2,5,1,2,2,4,12,9,0.39399999999999996,3.3,2.0
2c7fc879,Angelica Kelly,Finance,Junior,Bangalore,2024-11-11,569780,57785afe,1.07,1,3,0,1.3,1,7,4,4,2,4,10,7,10,0.469,3.5,2.1
ed349f66,Tabitha Fox,Marketing,Junior,Bangalore,2021-10-10,945191,0b13f71a,1.24,1,3,0,4.4,10,10,4,3,7,20,2,18,6,0.518,7.1,6.7
dd567464,Alan Terrell,Engineering,Manager,Delhi,2024-12-28,3445624,54e503cc,1.39,0,4,1,1.1,5,3,8,10,8,14,0,24,18,0.35300000000000004,6.5,2.1
ea919497,Christopher Henson,Engineering,Senior,Delhi,2024-10-29,2115386,66dbfc76,0.83,0,6,0,1.3,4,3,8,10,2,6,4,11,20,0.281,5.6,1.0
d41994ef,Erika Burns,Product,VP,Delhi,2022-12-10,10448526,a96dd643,0.88,0,3,0,3.2,7,8,1,4,5,13,8,8,3,0.42599999999999993,5.2,9.7
22fcd31c,Shannon Owen,HR,Junior,Bangalore,2025-03-02,704189,1488dcd2,1.02,0,7,0,1.0,9,1,2,4,7,17,6,25,6,0.204,4.8,8.0
d233b9bb,Catherine Mckinney,Sales,Senior,Delhi,2021-03-02,2059213,dc99b170,1.28,0,2,0,5.0,3,9,6,5,6,6,1,25,10,0.22600000000000003,5.5,3.2
a50ae8da,Nicholas Alvarez,Marketing,Manager,Remote,2024-08-19,3011655,5fa87d3e,1.35,0,4,0,1.5,10,4,6,10,1,9,3,7,15,0.16499999999999998,7.1,1.3
dbb2ee7d,Ann Guzman,Sales,Director,Remote,2022-01-03,4622294,6007f3ce,0.8,1,9,1,4.1,6,7,1,1,3,10,0,7,20,0.7300000000000001,3.9,0.8
203924dd,Laura Wells,HR,VP,Remote,2021-12-16,9411066,fa7bbe4d,1.33,0,4,0,4.2,6,7,4,3,3,1,6,22,20,0.271,4.9,1.4
364bd074,Patricia Frazier DVM,Product,Director,Mumbai,2022-03-25,5666544,c78f8d06,1.08,0,4,0,3.9,1,9,5,4,8,20,3,24,16,0.346,4.7,2.9
3ec8cdea,Tracy Chavez,Engineering,Junior,Bangalore,2024-12-12,501820,3a71be60,1.46,0,6,1,1.2,3,2,4,2,6,2,1,18,17,0.29200000000000004,3.1,1.2
6d93abac,Crystal Johnson,Sales,VP,Bangalore,2023-01-16,13775074,83d05c97,1.06,0,1,1,3.1,1,1,8,1,7,8,1,13,11,0.612,3.0,2.0
17c6e34d,Thomas Johnson,HR,VP,Remote,2023-11-25,14230374,f7c59896,0.92,0,3,0,2.2,9,3,10,5,2,5,9,6,12,0.4139999999999999,6.5,1.7
ccba36ab,Jerry Klein,Finance,Manager,Bangalore,2024-03-06,2050903,43e57703,1.13,0,4,0,2.0,10,8,7,6,8,6,2,13,14,0.23100000000000004,8.0,1.5
f78c5be9,Maria May,Finance,VP,Bangalore,2022-12-14,11208411,142ee012,1.09,1,10,0,3.2,6,10,6,6,9,15,2,22,5,0.42299999999999993,7.1,7.8
05da3db9,Colin Jones,Product,Junior,Mumbai,2025-11-01,852381,66e5b812,0.8,0,1,0,0.3,8,8,7,10,1,14,2,11,5,0.39,7.5,5.4
2c2da746,Troy Bailey,Sales,Junior,Mumbai,2026-01-17,534136,5aeabb0f,1.33,1,8,1,0.1,9,3,6,1,1,15,2,18,9,0.49100000000000005,4.8,3.9
c175b39d,Jonathan Perry,Finance,VP,Delhi,2022-05-12,13891339,be8e6ff2,1.47,0,4,0,3.8,5,3,10,1,5,15,0,5,13,0.229,4.8,1.5
d777afa5,Chelsey Jacobs,Engineering,VP,Remote,2023-09-30,13383488,f910d7ba,1.17,0,1,0,2.4,10,7,10,1,6,7,6,13,18,0.379,7.2,1.4
baf93d0e,Diane Jones PhD,HR,Senior,Remote,2025-11-08,1576280,d14b5b3d,1.38,0,2,0,0.3,4,7,9,6,6,0,0,12,14,0.19600000000000006,6.2,0.9
7cd92f14,Jason Chavez,Marketing,Junior,Bangalore,2022-07-28,690506,30fc4fa8,1.1,0,5,0,3.6,6,3,6,10,6,8,5,9,18,0.31999999999999995,6.2,1.2
60bdb69c,Kevin Taylor,HR,Director,Delhi,2025-02-23,4396013,ac4d758f,1.08,0,8,0,1.0,8,2,8,8,1,15,9,19,18,0.16599999999999998,6.1,2.4
e6c26b7e,Janet Love,Marketing,Senior,Bangalore,2021-04-05,1558254,3ed49b92,1.1,0,1,0,4.9,2,2,7,5,5,15,3,17,11,0.4,3.9,3.2
6b9bd4b0,Beth Shelton,Sales,Senior,Delhi,2024-04-08,1758902,94657308,1.35,0,4,1,1.9,8,10,6,8,2,7,0,21,1,0.365,7.4,28.0
20ad7eb0,Dylan Martinez,Sales,Junior,Bangalore,2021-11-16,649527,23240fee,1.39,0,4,0,4.3,9,10,8,10,4,9,2,7,1,0.253,8.7,18.0
d8fe5249,Erica Anderson,Marketing,VP,Delhi,2025-10-30,14918969,1047bb59,1.07,0,10,0,0.3,9,7,8,7,8,11,10,8,16,0.12899999999999998,7.9,1.8
30ff121c,Michelle Gardner,Product,Manager,Mumbai,2025-02-09,2734320,8bd988c9,1.47,0,3,0,1.0,5,9,9,5,1,20,6,10,9,0.149,6.2,4.0
a4ac1beb,Elizabeth Banks,Sales,VP,Mumbai,2022-01-21,10679215,90391dff,1.19,0,1,0,4.1,4,6,4,6,3,9,10,12,17,0.373,4.7,1.8
e3d6200e,Lisa Lawrence,Product,Manager,Mumbai,2025-06-21,2115899,0e528e8f,1.26,0,5,0,0.7,7,8,8,6,2,0,7,7,19,0.172,6.7,0.7
dc33d2f3,Mary Manning,Sales,VP,Delhi,2022-11-04,12156437,2ab99fcb,1.13,0,2,0,3.3,2,10,7,10,3,20,0,9,20,0.3710000000000001,6.3,1.4
f116f2d4,Daniel Snow,Product,Senior,Mumbai,2024-06-27,1905861,ed6367ba,1.02,0,5,0,1.6,6,9,1,5,5,4,1,11,9,0.244,5.3,1.8
0aca1473,Catherine Brown,Product,Junior,Delhi,2024-01-22,792605,f08802cf,0.97,0,10,1,2.1,10,2,4,8,1,9,1,7,20,0.45899999999999996,5.9,0.8
90cbbed1,Debbie Dixon,Engineering,VP,Mumbai,2025-02-07,8801437,188634c4,1.48,1,4,0,1.0,1,3,3,8,2,6,1,24,17,0.326,3.3,1.8
486e84b6,Matthew Bentley,Engineering,Director,Remote,2021-11-10,7240612,453148f3,1.42,0,2,0,4.3,7,9,9,8,8,14,2,24,20,0.28400000000000003,8.1,2.0
3eb6bd2c,Hector Ramos,Engineering,Director,Remote,2021-07-11,5256547,018feab3,0.82,0,2,0,4.6,10,7,4,8,2,4,7,7,1,0.4640000000000001,7.0,18.0
60370f7f,Julie Jones,Finance,Manager,Mumbai,2022-07-05,2952644,110d27a8,1.03,0,3,0,3.6,8,2,1,6,10,7,1,25,18,0.381,5.2,1.8
e21fc851,Sheena Jones,Marketing,Manager,Remote,2023-06-05,3042766,a96c7ce3,0.97,0,2,0,2.7,7,6,3,5,4,0,4,17,9,0.41900000000000004,5.3,2.3
175b5027,Tina Moore,HR,Director,Delhi,2023-11-11,4833687,0ce74a83,1.22,0,9,0,2.3,7,9,9,9,7,19,4,9,9,0.20400000000000001,8.2,3.6
aac6b331,Sarah Schaefer,Marketing,Junior,Bangalore,2025-05-01,666335,f39de330,0.9,0,8,0,0.8,5,7,4,6,9,5,1,9,6,0.22,5.8,2.5
ada26a2d,Deborah Wade,Engineering,Junior,Remote,2024-10-02,954705,b1ff7ee1,1.03,0,7,0,1.4,10,10,3,5,2,15,7,16,16,0.20099999999999998,6.8,2.4
0716c89c,Kevin Murray,Sales,Junior,Remote,2025-12-21,923007,f9bfcc4c,1.05,0,9,0,0.2,10,5,5,2,9,3,3,20,16,0.15499999999999997,6.3,1.6
a4d24535,Nicole Miller,Engineering,Director,Bangalore,2024-04-03,7987338,58fb52e4,1.43,0,6,0,1.9,5,2,8,3,10,3,10,19,16,0.10100000000000003,5.1,2.0
19a1a98f,Cheryl Huang,Sales,Manager,Mumbai,2022-09-18,3428512,9190f741,1.26,1,9,0,3.4,8,6,4,3,2,12,8,9,10,0.392,5.2,2.9
226c2ae2,Kathleen Murray,Finance,Director,Mumbai,2025-05-01,7977991,7bc71e75,1.25,0,5,0,0.8,8,5,6,1,8,14,7,16,6,0.175,5.6,6.2
1945e4ac,Adrienne Palmer,Marketing,VP,Bangalore,2024-11-11,12301256,1df0feed,0.96,0,8,0,1.3,3,10,2,6,6,10,7,25,1,0.202,5.1,42.0
b8063826,Abigail Miller,Engineering,VP,Delhi,2025-09-02,12114889,034fc9ed,0.96,0,6,0,0.5,2,9,3,1,10,19,3,20,4,0.24200000000000002,4.2,10.5
6d11051d,James Smith,HR,Senior,Delhi,2021-07-09,2453839,8a2316ce,1.18,0,8,0,4.6,3,9,7,4,5,17,9,20,6,0.23600000000000002,5.4,7.7
b7c96e79,Randy Robinson,HR,Junior,Bangalore,2025-09-15,588900,5f8b81c4,1.47,0,9,0,0.4,9,4,6,9,9,15,1,17,5,0.029000000000000012,7.4,6.6
51faf8ce,Joseph Brown,Finance,VP,Mumbai,2022-12-11,12973699,24805ccc,1.25,1,9,0,3.2,8,4,4,1,4,7,3,19,9,0.395,4.6,3.2
234c3b69,Caleb Ramos,Marketing,VP,Remote,2023-01-09,14250765,e7351e0c,1.11,0,6,0,3.1,7,2,3,2,1,13,1,13,6,0.297,3.6,4.5
144b9300,Keith Turner,HR,VP,Remote,2023-08-05,11494253,e095f6e6,1.01,0,3,0,2.5,9,2,4,2,10,10,2,9,3,0.387,5.3,7.0
bd1d7d53,Laura Hodges,Sales,Director,Delhi,2025-09-03,4206815,4375f7c2,1.42,0,4,0,0.5,6,3,3,5,10,2,6,7,17,0.14400000000000002,5.0,0.9
b21bb320,Jordan Mitchell,Marketing,Senior,Remote,2024-09-14,2348094,48fc8c04,1.2,1,10,0,1.4,7,2,5,5,2,11,6,12,9,0.29000000000000004,4.7,3.2
be3ae209,Barbara Gardner,Engineering,Director,Mumbai,2022-07-10,7049581,01cc7617,1.38,0,8,0,3.6,5,4,8,6,8,5,10,14,16,0.17600000000000005,5.9,1.8
979d96df,Zachary Davis,HR,Director,Mumbai,2023-11-28,7112683,5be71125,0.94,0,10,0,2.2,10,4,5,2,9,18,3,17,1,0.268,6.1,38.0
554ca773,Mckenzie Macdonald,Product,Junior,Bangalore,2023-11-04,996287,ec26f468,1.34,0,5,0,2.3,9,8,8,10,8,5,10,17,15,0.24799999999999997,8.7,2.1
d2770722,Courtney Murphy,Marketing,Junior,Mumbai,2022-02-25,951139,a7d3e614,1.38,0,1,0,4.0,3,1,1,2,2,3,1,16,14,0.31600000000000006,1.9,1.4
621600fd,Debra Harris,Finance,Junior,Delhi,2022-03-05,555046,1ded1a33,1.24,0,10,0,4.0,1,3,6,5,2,8,9,15,18,0.178,3.3,1.8
e3fbc988,Brenda Rice,Engineering,Manager,Remote,2022-01-21,3968928,6fde33a2,1.49,0,3,0,4.1,10,10,4,5,7,12,5,9,13,0.243,7.5,2.0
6f704e3e,Kelly Miller,Engineering,Director,Delhi,2025-11-03,4539492,2906348f,1.47,0,6,0,0.3,6,6,7,9,5,16,1,12,3,0.08900000000000002,6.7,9.7
15003407,Russell Mcdaniel,HR,Manager,Delhi,2023-03-28,2133042,fc15f30b,1.18,1,9,0,2.9,6,10,4,8,9,16,7,14,2,0.41600000000000004,7.1,18.5
c2a00c56,Maria Kirby,Sales,VP,Mumbai,2023-06-11,14015772,6ad3d989,1.01,0,7,0,2.7,5,6,7,7,3,5,5,15,20,0.307,5.8,1.2
2825b5db,Kimberly Cross,Product,Junior,Mumbai,2022-09-12,909577,f1793d28,0.8,0,10,0,3.4,10,5,9,1,3,7,8,16,19,0.31,6.3,1.6
ed275b90,Cheryl Kim,Product,Manager,Remote,2024-05-03,3624183,5c11a5ea,1.23,0,2,0,1.8,4,6,6,1,8,0,4,22,4,0.24100000000000005,4.6,6.5
ce1db12a,Brent Woodward,Sales,Senior,Delhi,2025-04-20,2012553,77a5229c,1.44,0,9,0,0.8,2,4,7,2,2,0,0,6,13,0.03800000000000002,3.4,0.5
fdfdd047,Sandra Graves,Sales,Senior,Bangalore,2024-02-19,2224770,1635ff64,1.46,0,5,0,2.0,6,10,7,10,8,2,4,7,15,0.11200000000000002,8.0,0.9
c6f2af70,Scott Daniels,Sales,VP,Mumbai,2023-06-05,12319408,d614b01e,0.82,0,8,0,2.7,3,4,4,4,1,7,1,9,3,0.34400000000000003,3.4,5.7
5290f5a9,Kristen Andrade,Engineering,Senior,Mumbai,2022-02-11,1937028,d00bb99e,1.35,0,6,0,4.0,7,5,9,6,2,12,0,10,14,0.22499999999999998,6.3,1.6
bbeba8ad,Dana Knight,Finance,Senior,Delhi,2021-04-07,1581087,1133f728,0.98,0,9,0,4.9,9,9,2,3,6,7,8,23,7,0.276,6.1,5.4
9edc0d16,Leslie Ortega,Sales,VP,Bangalore,2021-03-23,8306571,cb51e762,1.12,0,2,0,4.9,9,6,10,6,10,3,9,23,18,0.374,8.1,1.9
927883f9,Mary Cooper,Engineering,Director,Remote,2021-06-01,7093413,2cdc10ca,1.21,0,10,0,4.7,3,5,9,7,9,15,8,12,12,0.187,6.0,2.9
